{ "_id" : { "$oid" : "57e29c13ede004b06d27ace4" }, "user" : 100.0, "data" : { "key" : "/0", "name" : "root", "children" : [{ "name" : "spaceships", "key" : "/0/0", "children" : [], "deviations" : [{ "deviationid" : "06A8BC00-10B3-4F57-D73F-2AF7376DE4CD", "userid" : "A7ACD8FB-B73D-C6FF-9353-F451F2276394", "preview" : "http://pre08.deviantart.net/c659/th/pre/f/2016/262/e/b/next_time_by_softyrider62-dai5f7n.jpg", "actualImage" : "http://orig06.deviantart.net/b763/f/2016/262/e/b/next_time_by_softyrider62-dai5f7n.jpg", "url" : "http://softyrider62.deviantart.com/art/Next-Time-635147843", "title" : "Next Time", "category" : "Sci-Fi", "categoryPath" : "/digitalart/photomanip/scifi", "thumbs" : [{ "src" : "http://t15.deviantart.net/h5aYRvi3wKfP6hIZZd0flW8rp3U=/fit-in/150x150/filters:no_upscale():origin()/pre08/c659/th/pre/f/2016/262/e/b/next_time_by_softyrider62-dai5f7n.jpg", "height" : 90, "width" : 150, "transparency" : false }, { "src" : "http://t01.deviantart.net/j0exdggEXijKdIY5nP52nV1Ku1A=/300x200/filters:fixed_height(100,100):origin()/pre08/c659/th/pre/f/2016/262/e/b/next_time_by_softyrider62-dai5f7n.jpg", "height" : 180, "width" : 300, "transparency" : false }, { "src" : "http://t02.deviantart.net/MeCRnv-PIUrQ7Cl52M5nDMtgKvw=/fit-in/300x900/filters:no_upscale():origin()/pre08/c659/th/pre/f/2016/262/e/b/next_time_by_softyrider62-dai5f7n.jpg", "height" : 180, "width" : 300, "transparency" : false }], "smallestThumb" : { "src" : "http://t15.deviantart.net/h5aYRvi3wKfP6hIZZd0flW8rp3U=/fit-in/150x150/filters:no_upscale():origin()/pre08/c659/th/pre/f/2016/262/e/b/next_time_by_softyrider62-dai5f7n.jpg", "height" : 90, "width" : 150, "transparency" : false } }, { "deviationid" : "553E1D24-BE03-BCC7-7E06-F936443E7FEE", "userid" : "41A77350-7FA7-AB12-7C9B-164B3D60ECAE", "preview" : "http://pre02.deviantart.net/907e/th/pre/i/2009/283/2/3/relegation_by_taenaron.jpg", "actualImage" : "http://img11.deviantart.net/fb71/i/2009/283/2/3/relegation_by_taenaron.jpg", "url" : "http://tobiasroetsch.deviantart.com/art/Relegation-139819349", "title" : "Relegation", "category" : "Science Fiction", "categoryPath" : "/customization/wallpaper/scifi", "thumbs" : [{ "src" : "http://t06.deviantart.net/TYYbNAUedA54pvuU0da6SzCvv_8=/fit-in/150x150/filters:no_upscale():origin()/pre02/907e/th/pre/i/2009/283/2/3/relegation_by_taenaron.jpg", "height" : 94, "width" : 150, "transparency" : false }, { "src" : "http://t07.deviantart.net/4Lc_aeyf7PllqjDxGb7gMav-PTI=/300x200/filters:fixed_height(100,100):origin()/pre02/907e/th/pre/i/2009/283/2/3/relegation_by_taenaron.jpg", "height" : 188, "width" : 300, "transparency" : false }, { "src" : "http://t02.deviantart.net/aDa6mc0hUYdmThXspiBLFtuVGUY=/fit-in/300x900/filters:no_upscale():origin()/pre02/907e/th/pre/i/2009/283/2/3/relegation_by_taenaron.jpg", "height" : 188, "width" : 300, "transparency" : false }], "smallestThumb" : { "src" : "http://t06.deviantart.net/TYYbNAUedA54pvuU0da6SzCvv_8=/fit-in/150x150/filters:no_upscale():origin()/pre02/907e/th/pre/i/2009/283/2/3/relegation_by_taenaron.jpg", "height" : 94, "width" : 150, "transparency" : false } }, { "deviationid" : "699C01D4-2963-F0E6-ADC4-6EDC9C55343B", "userid" : "DBEBF3D7-05D7-E16F-A825-AF11A945B439", "preview" : "http://pre09.deviantart.net/51cd/th/pre/i/2016/035/e/f/browncoat___stock_reference_16_by_faestock-d9qhhxo.jpg", "actualImage" : "http://img08.deviantart.net/d0f2/i/2016/035/e/f/browncoat___stock_reference_16_by_faestock-d9qhhxo.jpg", "url" : "http://faestock.deviantart.com/art/Browncoat-Stock-Reference-16-588681996", "title" : "Browncoat - Stock Reference 16", "category" : "Full Body", "categoryPath" : "/resources/stockart/model/women/fullbody", "thumbs" : [{ "src" : "http://t07.deviantart.net/x2R72wVMDRhF4_0rr0inRfX5AOg=/fit-in/150x150/filters:no_upscale():origin()/pre09/51cd/th/pre/i/2016/035/e/f/browncoat___stock_reference_16_by_faestock-d9qhhxo.jpg", "height" : 150, "width" : 110, "transparency" : false }, { "src" : "http://t12.deviantart.net/ZvLbsGe6QiIxBxEDim6--BlNS8Y=/300x200/filters:fixed_height(100,100):origin()/pre09/51cd/th/pre/i/2016/035/e/f/browncoat___stock_reference_16_by_faestock-d9qhhxo.jpg", "height" : 200, "width" : 147, "transparency" : false }, { "src" : "http://t06.deviantart.net/HH44-pT2Tc41JD8sXpejd5WC7_E=/fit-in/300x900/filters:no_upscale():origin()/pre09/51cd/th/pre/i/2016/035/e/f/browncoat___stock_reference_16_by_faestock-d9qhhxo.jpg", "height" : 408, "width" : 300, "transparency" : false }], "smallestThumb" : { "src" : "http://t07.deviantart.net/x2R72wVMDRhF4_0rr0inRfX5AOg=/fit-in/150x150/filters:no_upscale():origin()/pre09/51cd/th/pre/i/2016/035/e/f/browncoat___stock_reference_16_by_faestock-d9qhhxo.jpg", "height" : 150, "width" : 110, "transparency" : false } }, { "deviationid" : "10C872B0-6117-E483-F4DE-B7F8CD0C98C6", "userid" : "65CA9A0E-091F-CF5E-9FA6-CF163B35C03C", "preview" : "http://orig07.deviantart.net/9787/f/2013/319/7/9/armada_wars__steal_from_the_devil_by_adamburn-d6ubnqm.jpg", "actualImage" : "http://orig07.deviantart.net/9787/f/2013/319/7/9/armada_wars__steal_from_the_devil_by_adamburn-d6ubnqm.jpg", "url" : "http://adamburn.deviantart.com/art/Armada-Wars-Steal-from-the-Devil-413729518", "title" : "Armada Wars: Steal from the Devil", "category" : "Sci-Fi", "categoryPath" : "/digitalart/paintings/scifi", "thumbs" : [{ "src" : "http://t13.deviantart.net/DoHupb_Op71ThgUkggiy20zDX74=/fit-in/150x150/filters:no_upscale():origin()/pre11/15ae/th/pre/f/2013/319/7/9/armada_wars__steal_from_the_devil_by_adamburn-d6ubnqm.jpg", "height" : 150, "width" : 106, "transparency" : false }, { "src" : "http://t07.deviantart.net/wLFBs0rcYWgP0VxXgzk4YHtp-ss=/300x200/filters:fixed_height(100,100):origin()/pre11/15ae/th/pre/f/2013/319/7/9/armada_wars__steal_from_the_devil_by_adamburn-d6ubnqm.jpg", "height" : 200, "width" : 141, "transparency" : false }, { "src" : "http://t06.deviantart.net/5oal3vqWNTNhoT22GOjpGXry1Xc=/fit-in/300x900/filters:no_upscale():origin()/pre11/15ae/th/pre/f/2013/319/7/9/armada_wars__steal_from_the_devil_by_adamburn-d6ubnqm.jpg", "height" : 424, "width" : 300, "transparency" : false }], "smallestThumb" : { "src" : "http://t13.deviantart.net/DoHupb_Op71ThgUkggiy20zDX74=/fit-in/150x150/filters:no_upscale():origin()/pre11/15ae/th/pre/f/2013/319/7/9/armada_wars__steal_from_the_devil_by_adamburn-d6ubnqm.jpg", "height" : 150, "width" : 106, "transparency" : false } }, { "deviationid" : "B91B3AE1-CFFE-A997-02E9-765A02A21E04", "userid" : "DBEBF3D7-05D7-E16F-A825-AF11A945B439", "preview" : "http://pre07.deviantart.net/4ce5/th/pre/i/2016/039/e/f/browncoat___stock_reference_41_by_faestock-d9qz3tj.jpg", "actualImage" : "http://img12.deviantart.net/c315/i/2016/039/e/f/browncoat___stock_reference_41_by_faestock-d9qz3tj.jpg", "url" : "http://faestock.deviantart.com/art/Browncoat-Stock-Reference-41-589503511", "title" : "Browncoat - Stock Reference 41", "category" : "Full Body", "categoryPath" : "/resources/stockart/model/women/fullbody", "thumbs" : [{ "src" : "http://t00.deviantart.net/OBCgw2v6lFG_9qMK25smlnVjbYk=/fit-in/150x150/filters:no_upscale():origin()/pre07/4ce5/th/pre/i/2016/039/e/f/browncoat___stock_reference_41_by_faestock-d9qz3tj.jpg", "height" : 150, "width" : 97, "transparency" : false }, { "src" : "http://t11.deviantart.net/Ff9VrhRFcZCl6x4T_BcYuy9yYoI=/300x200/filters:fixed_height(100,100):origin()/pre07/4ce5/th/pre/i/2016/039/e/f/browncoat___stock_reference_41_by_faestock-d9qz3tj.jpg", "height" : 200, "width" : 129, "transparency" : false }, { "src" : "http://t01.deviantart.net/mxT62rvFbPvb3AVW3kEon2hivlg=/fit-in/300x900/filters:no_upscale():origin()/pre07/4ce5/th/pre/i/2016/039/e/f/browncoat___stock_reference_41_by_faestock-d9qz3tj.jpg", "height" : 466, "width" : 300, "transparency" : false }], "smallestThumb" : { "src" : "http://t00.deviantart.net/OBCgw2v6lFG_9qMK25smlnVjbYk=/fit-in/150x150/filters:no_upscale():origin()/pre07/4ce5/th/pre/i/2016/039/e/f/browncoat___stock_reference_41_by_faestock-d9qz3tj.jpg", "height" : 150, "width" : 97, "transparency" : false } }, { "deviationid" : "F5A35D8B-5B64-3A2A-6370-63A694DA195A", "userid" : "DBEBF3D7-05D7-E16F-A825-AF11A945B439", "preview" : "http://pre03.deviantart.net/5341/th/pre/i/2016/039/0/c/browncoat___stock_reference_38_by_faestock-d9qz3vo.jpg", "actualImage" : "http://img05.deviantart.net/aafe/i/2016/039/0/c/browncoat___stock_reference_38_by_faestock-d9qz3vo.jpg", "url" : "http://faestock.deviantart.com/art/Browncoat-Stock-Reference-38-589503588", "title" : "Browncoat - Stock Reference 38", "category" : "Full Body", "categoryPath" : "/resources/stockart/model/women/fullbody", "thumbs" : [{ "src" : "http://t08.deviantart.net/u7w5dPeXwZkUueFjXaA981nZKb8=/fit-in/150x150/filters:no_upscale():origin()/pre03/5341/th/pre/i/2016/039/0/c/browncoat___stock_reference_38_by_faestock-d9qz3vo.jpg", "height" : 150, "width" : 106, "transparency" : false }, { "src" : "http://t03.deviantart.net/d0OihNadaOYNpwoZQG2ykFY4Q6U=/300x200/filters:fixed_height(100,100):origin()/pre03/5341/th/pre/i/2016/039/0/c/browncoat___stock_reference_38_by_faestock-d9qz3vo.jpg", "height" : 200, "width" : 141, "transparency" : false }, { "src" : "http://t09.deviantart.net/0kN9tCxp_2KO8ze45v2oPPkoi6g=/fit-in/300x900/filters:no_upscale():origin()/pre03/5341/th/pre/i/2016/039/0/c/browncoat___stock_reference_38_by_faestock-d9qz3vo.jpg", "height" : 426, "width" : 300, "transparency" : false }], "smallestThumb" : { "src" : "http://t08.deviantart.net/u7w5dPeXwZkUueFjXaA981nZKb8=/fit-in/150x150/filters:no_upscale():origin()/pre03/5341/th/pre/i/2016/039/0/c/browncoat___stock_reference_38_by_faestock-d9qz3vo.jpg", "height" : 150, "width" : 106, "transparency" : false } }, { "deviationid" : "1DF53626-7D9D-8D76-148E-E6282098E2C3", "userid" : "DBEBF3D7-05D7-E16F-A825-AF11A945B439", "preview" : "http://pre07.deviantart.net/2c2e/th/pre/i/2016/039/d/c/browncoat___stock_reference_31_by_faestock-d9qz2xc.jpg", "actualImage" : "http://img12.deviantart.net/3b32/i/2016/039/d/c/browncoat___stock_reference_31_by_faestock-d9qz2xc.jpg", "url" : "http://faestock.deviantart.com/art/Browncoat-Stock-Reference-31-589502352", "title" : "Browncoat - Stock Reference 31", "category" : "Full Body", "categoryPath" : "/resources/stockart/model/women/fullbody", "thumbs" : [{ "src" : "http://t13.deviantart.net/Zw7elFQgHIZUmWzTejNlqnG27cY=/fit-in/150x150/filters:no_upscale():origin()/pre07/2c2e/th/pre/i/2016/039/d/c/browncoat___stock_reference_31_by_faestock-d9qz2xc.jpg", "height" : 150, "width" : 104, "transparency" : false }, { "src" : "http://t06.deviantart.net/Uw4s3yarLT8SDH8T2saFirb-0dM=/300x200/filters:fixed_height(100,100):origin()/pre07/2c2e/th/pre/i/2016/039/d/c/browncoat___stock_reference_31_by_faestock-d9qz2xc.jpg", "height" : 200, "width" : 138, "transparency" : false }, { "src" : "http://t12.deviantart.net/BV4y_HqJsTaiAjB_yQ1rkqxtLM4=/fit-in/300x900/filters:no_upscale():origin()/pre07/2c2e/th/pre/i/2016/039/d/c/browncoat___stock_reference_31_by_faestock-d9qz2xc.jpg", "height" : 433, "width" : 300, "transparency" : false }], "smallestThumb" : { "src" : "http://t13.deviantart.net/Zw7elFQgHIZUmWzTejNlqnG27cY=/fit-in/150x150/filters:no_upscale():origin()/pre07/2c2e/th/pre/i/2016/039/d/c/browncoat___stock_reference_31_by_faestock-d9qz2xc.jpg", "height" : 150, "width" : 104, "transparency" : false } }] }, { "name" : "dinosaurs", "key" : "/0/1", "children" : [], "deviations" : [{ "deviationid" : "58D02419-939A-07D4-6573-F7AE53000254", "userid" : "3A0A262D-71ED-EAAC-8654-F729D7E99BEE", "preview" : "http://orig00.deviantart.net/d4ba/f/2016/215/d/a/the_isle___safe_spot_by_isismasshiro-dacf6ys.png", "actualImage" : "http://orig00.deviantart.net/d4ba/f/2016/215/d/a/the_isle___safe_spot_by_isismasshiro-dacf6ys.png", "url" : "http://isismasshiro.deviantart.com/art/The-Isle-Safe-spot-625526020", "title" : "The Isle - Safe spot", "category" : "Animals", "categoryPath" : "/traditional/drawings/animals", "thumbs" : [{ "src" : "http://t07.deviantart.net/_yzG1aXvRFdBqc5VyclccsyMp20=/fit-in/150x150/filters:no_upscale():origin()/pre04/c708/th/pre/f/2016/215/d/a/the_isle___safe_spot_by_isismasshiro-dacf6ys.png", "height" : 68, "width" : 150, "transparency" : true }, { "src" : "http://t02.deviantart.net/PLOgorXQlm02RkHpcyHRluZ2nlQ=/300x200/filters:fixed_height(100,100):origin()/pre04/c708/th/pre/f/2016/215/d/a/the_isle___safe_spot_by_isismasshiro-dacf6ys.png", "height" : 136, "width" : 300, "transparency" : true }, { "src" : "http://t12.deviantart.net/3J70IkjcJkR_FiZja3TAUGVeJ3k=/fit-in/300x900/filters:no_upscale():origin()/pre04/c708/th/pre/f/2016/215/d/a/the_isle___safe_spot_by_isismasshiro-dacf6ys.png", "height" : 136, "width" : 300, "transparency" : true }], "smallestThumb" : { "src" : "http://t07.deviantart.net/_yzG1aXvRFdBqc5VyclccsyMp20=/fit-in/150x150/filters:no_upscale():origin()/pre04/c708/th/pre/f/2016/215/d/a/the_isle___safe_spot_by_isismasshiro-dacf6ys.png", "height" : 68, "width" : 150, "transparency" : true } }] }, { "name" : "bullwinkle", "key" : "/0/2", "children" : [], "deviations" : [{ "deviationid" : "B79EB0B0-489B-153E-5D38-10BDEFD4464E", "userid" : "040FACB0-5CC1-5AAE-1A6B-D2F3B0F32F65", "preview" : "http://orig07.deviantart.net/7b3a/f/2014/088/b/0/sherman_and_mr__peabody_by_c_puff-d7c5hj2.png", "actualImage" : "http://orig07.deviantart.net/7b3a/f/2014/088/b/0/sherman_and_mr__peabody_by_c_puff-d7c5hj2.png", "url" : "http://c-puff.deviantart.com/art/Sherman-and-Mr-Peabody-443674622", "title" : "Sherman and Mr. Peabody", "category" : "Movies & TV", "categoryPath" : "/fanart/digital/painting/movies", "thumbs" : [{ "src" : "http://t02.deviantart.net/6jn1LBfCQwTJxKFbTlQk1RSpBeg=/fit-in/150x150/filters:no_upscale():origin()/pre10/41d6/th/pre/f/2014/088/b/0/sherman_and_mr__peabody_by_c_puff-d7c5hj2.png", "height" : 137, "width" : 150, "transparency" : true }, { "src" : "http://t03.deviantart.net/NL9khHwXRju8mIs3B7EhjGySqAQ=/300x200/filters:fixed_height(100,100):origin()/pre10/41d6/th/pre/f/2014/088/b/0/sherman_and_mr__peabody_by_c_puff-d7c5hj2.png", "height" : 200, "width" : 219, "transparency" : true }, { "src" : "http://t10.deviantart.net/lmCcfKfuXcLBZ5nG5SjH-HVtiSQ=/fit-in/300x900/filters:no_upscale():origin()/pre10/41d6/th/pre/f/2014/088/b/0/sherman_and_mr__peabody_by_c_puff-d7c5hj2.png", "height" : 275, "width" : 300, "transparency" : true }], "smallestThumb" : { "src" : "http://t02.deviantart.net/6jn1LBfCQwTJxKFbTlQk1RSpBeg=/fit-in/150x150/filters:no_upscale():origin()/pre10/41d6/th/pre/f/2014/088/b/0/sherman_and_mr__peabody_by_c_puff-d7c5hj2.png", "height" : 137, "width" : 150, "transparency" : true } }, { "deviationid" : "3B946EE8-FE6F-6DF1-F830-141437D0BB4A", "userid" : "5044A75C-B7DF-2403-67CF-19805DB9FEC3", "preview" : "http://img01.deviantart.net/1239/i/2007/173/d/e/rocky_flyin___free_by_kicsterash.jpg", "actualImage" : "http://img01.deviantart.net/1239/i/2007/173/d/e/rocky_flyin___free_by_kicsterash.jpg", "url" : "http://kicsterash.deviantart.com/art/Rocky-flyin-free-58193618", "title" : "Rocky flyin' free", "category" : "Movies & TV", "categoryPath" : "/fanart/cartoons/traditional/movies", "thumbs" : [{ "src" : "http://t00.deviantart.net/5XG0Yij6kemHop-kKRWRogdUoh8=/fit-in/150x150/filters:no_upscale():origin()/pre01/f873/th/pre/i/2007/173/d/e/rocky_flyin___free_by_kicsterash.jpg", "height" : 105, "width" : 150, "transparency" : false }, { "src" : "http://t10.deviantart.net/cjCfwp_rCZD7Y96UHjFRdX3gC7Q=/300x200/filters:fixed_height(100,100):origin()/pre01/f873/th/pre/i/2007/173/d/e/rocky_flyin___free_by_kicsterash.jpg", "height" : 200, "width" : 286, "transparency" : false }, { "src" : "http://t04.deviantart.net/NVvoe5LtQTLLMeWcHo6WgeSW49E=/fit-in/300x900/filters:no_upscale():origin()/pre01/f873/th/pre/i/2007/173/d/e/rocky_flyin___free_by_kicsterash.jpg", "height" : 210, "width" : 300, "transparency" : false }], "smallestThumb" : { "src" : "http://t00.deviantart.net/5XG0Yij6kemHop-kKRWRogdUoh8=/fit-in/150x150/filters:no_upscale():origin()/pre01/f873/th/pre/i/2007/173/d/e/rocky_flyin___free_by_kicsterash.jpg", "height" : 105, "width" : 150, "transparency" : false } }] }] } }
